<?xml version="1.0" encoding="utf-8"?>
<extension type="module" version="3.1" client="site" method="upgrade">
    <name>A Bootstrap Content</name>
    <author>Billy Aguana</author>
    <credit>Brad Traversy</credit>    
    <creationDate>March 2019</creationDate>
    <copyright>Creative Cat Studios</copyright>
    <license>GNU General Public License version 2 or later</license>
    <authorEmail>billyaguana@gmail.com</authorEmail>
    <authorUrl>http://billyaguana.com</authorUrl>
    <version>1.0</version>
    <description>Place a bootstrap block with - title, image, button text, button link, editor</description>
    
    <files>
        <filename module="mod_abscontent">mod_abscontent.php</filename>
        <filename>index.html</filename>
        <filename>mod_abscontent.xml</filename>
        <filename>helper.php</filename>
        <filename>tmpl/default.php</filename>
        <filename>tmpl/index.html</filename>
    </files>

    <config>
            <fields name="params">   
                <fieldset name="basic">
				
					<field 
						name="contentImage" 
						type="media" 
						label="Big Image"
						description="The image found at the right side of content"
						class="" 
						default=""
					/>	

                    <field 
                        name="contentTitle" 
                        type="text" 
                        default="About Us" 
                        label="Heading Text" 
                        description="The text for the heading"
                    />
					
                    <field 
                        name="show_read_more" 
                        type="radio" 
                        default="1" 
                        label="Show Readmore" 
                        description="Choose to show a read more button">
                        <option value="1">Yes</option>
                        <option value="0">No</option>
                    </field>

                    <field 
                        name="read_more_text" 
                        type="text" 
                        default="Learn More" 
                        label="Read More Text" 
                        description="The text in the read more button">
                    </field>

                     <field 
                        name="read_more_link" 
                        type="url" 
                        default="#" 
                        label="Read More Link" 
                        description="The url to link to">
                    </field>					

					<field 
						name="contentLe" 
						type="editor" 
						label="content" 
						description="" 
						width="300" 
						filter="safehtml" 
					/>

                </fieldset>
        </fields>
    </config>
</extension>
