<?xml version="1.0" encoding="utf-8"?>
<extension type="module" version="3.1" client="site" method="upgrade">
    <name>A Project Box</name>
    <author>Billy Aguana</author>
    <credit>Brad Traversy</credit>    
    <creationDate>March 2019</creationDate>
    <copyright>Creative Cat Studios</copyright>
    <license>GNU General Public License version 2 or later</license>
    <authorEmail>billyaguana@gmail.com</authorEmail>
    <authorUrl>http://billyaguana.com</authorUrl>
    <version>1.0</version>
    <description>Place a project block with - image, name, link, excerpt</description>
    
    <files>
        <filename module="mod_aprojectbox">mod_aprojectbox.php</filename>
        <filename>index.html</filename>
        <filename>mod_aprojectbox.xml</filename>
        <filename>helper.php</filename>
        <filename>tmpl/default.php</filename>
        <filename>tmpl/index.html</filename>
    </files>

    <config>
            <fields name="params">   
                <fieldset name="basic">

                    <field 
                        name="projectName" 
                        type="text" 
                        default="Some Project" 
                        label="Project Name" 
                        description="Name of the project"
                    />

					<field 
						name="projectImage" 
						type="media" 
						label="Project preview"
						description="Image preview of the project"
						class="" 
						default="/templates/cctemplate/assets/images/jsite.jpg"
					/>	

                    <field 
                        name="projectType" 
                        type="text" 
                        default="Joomla" 
                        label="Type of project" 
                        description="Name of the project"
                    />
					
                    <field 
                        name="projectText" 
                        type="textarea" 
                        default="Edit this example text in your module and make up the bulk of the project's content." 
                        label="Project Info" 
                        description="The text quote for the member">
                    </field>

					<field 
						name="projectLink" 
						type="url" 
						label="Project Link"
						description="Link of the project sample : http://www.somesite.com"
						default="#"
						class="" 
					/>


                </fieldset>
        </fields>
    </config>
</extension>
