<?xml version="1.0" encoding="utf-8"?>
<extension type="module" version="3.1" client="site" method="upgrade">
    <name>A Team Member</name>
    <author>Billy Aguana</author>
    <credit>Brad Traversy</credit>    
    <creationDate>March 2019</creationDate>
    <copyright>Creative Cat Studios</copyright>
    <license>GNU General Public License version 2 or later</license>
    <authorEmail>billyaguana@gmail.com</authorEmail>
    <authorUrl>http://billyaguana.com</authorUrl>
    <version>1.0</version>
    <description>Place a team member block with - image, name, position, quote</description>
    
    <files>
        <filename module="mod_ateambox">mod_ateambox.php</filename>
        <filename>index.html</filename>
        <filename>mod_ateambox.xml</filename>
        <filename>helper.php</filename>
        <filename>tmpl/default.php</filename>
        <filename>tmpl/index.html</filename>
    </files>

    <config>
            <fields name="params">   
                <fieldset name="basic">

                    <field 
                        name="extraClass" 
                        type="text" 
                        default="" 
                        label="Extra Class" 
                        description="Class for the wrapper"
                    />

                    <field 
                        name="memberName" 
                        type="text" 
                        default="Neko Kaneko" 
                        label="Member Name" 
                        description="Name of the member"
                    />

                    <field 
                        name="memberPosition" 
                        type="text" 
                        default="Web Developer" 
                        label="Member Position" 
                        description="Position of the member"
                    />


					<field 
						name="memberImage" 
						type="media" 
						label="Member Picture"
						description="Picture of the member"
						class="" 
						default="/templates/cctemplate/assets/images/avatar.jpg"
					/>	
					
                    <field 
                        name="memberQuote" 
                        type="textarea" 
                        default="Hello Im Neko, a team member with awesome skills" 
                        label="Member Quote" 
                        description="The text quote for the member">
                    </field>

					<field 
						name="FacebookLink" 
						type="url" 
						label="Facebook Link"
						description="sample : https://facebook.com/username"
						default=""
						class="" 
					/>
	
					<field 
						name="TwitterLink" 
						type="url" 
						label="Twitter Link"
						description="sample : https://twitter.com/username"
						default=""
						class="" 
					/>
	
					<field 
						name="InstagramLink" 
						type="url" 
						label="Instagram Link"
						description="sample : https://instagram.com/username"
						default=""
						class="" 
					/>

                </fieldset>
        </fields>
    </config>
</extension>
