<?xml version="1.0" encoding="utf-8"?>
<!DOCTYPE install PUBLIC "-//Joomla! 2.5//DTD template 1.0//EN" "https://www.joomla.org/xml/dtd/2.5/template-install.dtd">
<extension version="3.1" type="template" client="site">
   <name>cctemplate</name>
   <version>1.0</version>
   <creationDate>04-01-2019</creationDate>
   <author>Creative Cat Studios</author>
   <credit>sniggle.me</credit>
   <authorEmail>billyaguana@gmail.com</authorEmail>
   <authorUrl>http://billyaguana.com</authorUrl>
   <copyright>Copyright (C) 2005 - 2019 Open Source Matters, Inc. All rights reserved.</copyright>
   <license>GNU General Public License version 2 or later; see LICENSE.txt</license>
   <description>Joomla 3.9.3 with Material Design Bootstrap 4.2.1</description>
   <files>
            <filename>component.php</filename>
            <filename>error.php</filename>
            <filename>index.php</filename>
            <filename>templateDetails.xml</filename>
            <filename>template_preview.png</filename>
            <filename>template_thumbnail.png</filename>
            <!-- folder -->
            <folder>assets</folder>
            <folder>html</folder>
            <folder>css</folder>
    </files>       
    <positions>
            <position>modbannerboxes</position>
            <position>modteam</position>
            <position>modservices</position>
            <position>modcontent</position>
            <position>modcarousel</position>
            <position>modproject</position>
            
            <position>main-menu</position>
            <position>debug</position>
            <position>breadcrumbs</position>
            <position>sidebar</position>
            <position>position1</position>
            <position>position2</position>			
            <position>footer-link</position>
            <position>footer</position>
    </positions>
    <config>
        <fields name="params">
            <fieldset name="advanced">

                <field name="favicon"
                    type="media" 
                    default="/templates/cctemplate/favicon.png"
					label="Favicon"
					description="Favicon - uploader can't accept .ico file" 
                    class="" 
                />                
                
                <field 
					name="logoFile" 
					type="media" 
                    label="Menu main logo"
					description="The Logo can be found at the menu."
					class="" 
					default=""
				/>
				
                <field 
					name="headerBG" 
					type="media" 
                    label="Header Background"
					description="Background Image for the header"
					class="" 
					default="/templates/cctemplate/assets/images/background.jpg"
				/>				

                <field 
					name="companyName" 
					type="text" 
                    label="Company Name"
					description="Company Name will appear on the menu, leave blank to not show"
					default="Design Studios"
                    class="" 
				/>

                <field 
					name="bannerTitle" 
					type="text" 
                    label="Banner Title"
					description="Text title found in the banner"
					default="Design Studios"
                    class="" 
				/>

                <field 
					name="bannerText" 
					type="textarea" 
                    label="Banner Title"
					description="Text description found in the banner"
					default="Our professional team of designers will help you to create a unique image of your company, which will distinguish it from competitors and attract new customers."
                    class="" 
				/>                

				<field 
					name="show_article" 
					type="radio" 
					default="1" 
					label="Show Article in Front Page?" 
					description="Choose to show articles in home page">
					<option value="1">Yes</option>
					<option value="0">No</option>
				</field>

				<field type="spacer" name="myspacer1" hr="true" />
			
                <field 
                    name="serviceTitle" 
                    type="text" 
                    label="Service Title"
                    description="Text title found in the icons panel"
                    default="The services we offer"
                    class="" 
                />

                <field 
                    name="serviceText" 
                    type="textarea" 
                    label="Service sub-Text"
                    description="Text paragraph found in the icons panel"
                    default="From Branding &amp; Strategy to Web &amp; Application Development"
                    class="" 
                />   

                <field 
                    name="teamTitle" 
                    type="text" 
                    label="Team Title"
                    description="Text title found in the team panel"
                    default="Our Creative Team"
                    class="" 
                />

                <field 
                    name="teamText" 
                    type="textarea" 
                    label="Team sub-Text"
                    description="Text paragraph found in the team panel"
                    default=""
                    class="" 
                />

                <field 
                    name="carouselTitle" 
                    type="text" 
                    label="Carousel Title"
                    description="Text title found in the carousel"
                    default="Our Amazing Partners"
                    class="" 
                />

                <field 
					name="carouselBG" 
					type="media" 
                    label="Carousel Background"
					description="Background carousel for client logo scroller"
					class="" 
					default="/templates/cctemplate/assets/images/08.jpg"
				/>	

                <field 
                    name="projectTitle" 
                    type="text" 
                    label="Text Project"
                    description="Text title found in the project panel"
                    default="Our Featured Work"
                    class="" 
                />				

				<field type="spacer" name="myspacer2" hr="true" />
                
                <field 
					name="FacebookLink" 
					type="url" 
                    label="Facebook Link"
					description="sample : https://facebook.com/username"
					default="https://facebook.com"
                    class="" 
				/>

                <field 
					name="TwitterLink" 
					type="url" 
                    label="Twitter Link"
					description="sample : https://twitter.com/username"
					default="https://twitter.com"
                    class="" 
				/>

                <field 
					name="InstagramLink" 
					type="url" 
                    label="Instagram Link"
					description="sample : https://instagram.com/username"
					default="https://instagram.com"
                    class="" 
				/>

				<field type="spacer" name="myspacer3" hr="true" />

                <field 
					name="footerImage" 
					type="media" 
                    label="Image for Footer"
					description="Image found in the footer"
					class="" 
					default="/templates/cctemplate/assets/images/07.jpg"
				/>	

                <field 
					name="footerImageLink" 
					type="url" 
                    label="Image Link"
					description="The Link for the image"
					default="#"
                    class="" 
				/>
				
                <field 
					name="contactAddress1" 
					type="text" 
                    label="Address 1"
					description="Address found at the footer"
					default="1234 Street Name City,"
                    class="" 
				/>				

                <field 
					name="contactAddress2" 
					type="text" 
                    label="Address 2"
					description="Address found at the footer"
					default="AA 99999, Country"
                    class="" 
				/>				

               <field 
					name="contactEmail" 
					type="text" 
                    label="Contact Email"
					description="Email found at the footer"
					default="someone@yourwebsite.com"
                    class="" 
				/>	
				
               <field 
					name="contactPhone" 
					type="tel" 
                    label="Contact Phone Number"
					description="Phone Number found at the footer"
					default="+1 (0) 000 0000 001"
                    class="" 
				/>					
				
                <field 
					name="copyright" 
					type="text" 
                    label="Footer Copyright"
					description="Copyright found at the footer"
					default="Copyright 2019 Design Studios by Creative Cat"
                    class="" 
				/>				
                
            </fieldset>
        </fields>
    </config>                
</extension>