<?xml version="1.0" encoding="utf-8"?>
<extension type="module" version="3.1" client="site" method="upgrade">
    <name>An Icon Link</name>
    <author>Billy Aguana</author>
    <credit>Brad Traversy</credit>    
    <creationDate>March 2019</creationDate>
    <copyright>Creative Cat Studios</copyright>
    <license>GNU General Public License version 2 or later</license>
    <authorEmail>billyaguana@gmail.com</authorEmail>
    <authorUrl>http://billyaguana.com</authorUrl>
    <version>1.0</version>
    <description>Place an icon, text, link</description>
    
    <files>
        <filename module="mod_aniconlink">mod_aniconlink.php</filename>
        <filename>index.html</filename>
        <filename>mod_aniconlink.xml</filename>
        <filename>helper.php</filename>
        <filename>tmpl/default.php</filename>
        <filename>tmpl/index.html</filename>
    </files>

    <config>
            <fields name="params">   
                <fieldset name="basic">
                    <field 
                        name="iconClass" 
                        type="text" 
                        label="Box Class" 
                        default="col-md-6 col-lg-3" 						
                        description="Bootstrap column style"
                    />
					
                    <field 
                        name="wrapClass" 
                        type="text" 
                        label="Wrapper Class" 
                        default="" 						
                        description="Extra class for color etc"
                    />

                    <field 
                        name="linkIcon" 
                        type="text" 
                        label="Font Awesome Icon" 
                        default="fab fa-joomla" 						
                        description="check https://fontawesome.com/cheatsheet for icons available and usage"
                    />

                    <field 
                        name="linkText" 
                        type="text" 
                        label="Link Text" 
                        default="Sample Text" 						
                        description="The text under the icon"
                    />

                    <field 
                        name="iconLink" 
                        type="url" 
                        default="#" 
                        label="Icon Link" 
                        description="The url to link to">
                    </field>

                </fieldset>
        </fields>
    </config>
</extension>
