<?xml version="1.0" encoding="utf-8"?>
<extension type="module" version="3.1" client="site" method="upgrade">
    <name>A Multiple Carousel</name>
    <author>Billy Aguana</author>
    <credit>Brad Traversy</credit>    
    <creationDate>March 2019</creationDate>
    <copyright>Creative Cat Studios</copyright>
    <license>GNU General Public License version 2 or later</license>
    <authorEmail>billyaguana@gmail.com</authorEmail>
    <authorUrl>http://billyaguana.com</authorUrl>
    <version>1.0</version>
    <description>Place an image for the scroller</description>
    
    <files>
        <filename module="mod_amcarousel">mod_amcarousel.php</filename>
        <filename>index.html</filename>
        <filename>mod_amcarousel.xml</filename>
        <filename>helper.php</filename>
        <filename>tmpl/default.php</filename>
        <filename>tmpl/index.html</filename>
    </files>

    <config>
            <fields name="params">   
                <fieldset name="basic">

                <field name="logoClient(1)"
                    type="media" 
                    default="/templates/cctemplate/assets/images/17.png"
					label="Client Logo 1"
					description="Best to use a transparent background" 
                    class="" 
                /> 

                <field name="logoClient(2)"
                    type="media" 
                    default="/templates/cctemplate/assets/images/18.png"
					label="Client Logo 2"
					description="Best to use a transparent background" 
                    class="" 
                /> 

                <field name="logoClient(3)"
                    type="media" 
                    default="/templates/cctemplate/assets/images/19.png"
					label="Client Logo 3"
					description="Best to use a transparent background" 
                    class="" 
                /> 

                <field name="logoClient(4)"
                    type="media" 
                    default="/templates/cctemplate/assets/images/20.png"
					label="Client Logo 4"
					description="Best to use a transparent background" 
                    class="" 
                /> 
                <field name="logoClient(5)"
                    type="media" 
                    default="/templates/cctemplate/assets/images/21.png"
					label="Client Logo 5"
					description="Best to use a transparent background" 
                    class="" 
                /> 

                <field name="logoClient(6)"
                    type="media" 
                    default="/templates/cctemplate/assets/images/22.png"
					label="Client Logo 6"
					description="Best to use a transparent background" 
                    class="" 
                /> 

                <field name="logoClient(7)"
                    type="media" 
                    default="/templates/cctemplate/assets/images/23.png"
					label="Client Logo 7"
					description="Best to use a transparent background" 
                    class="" 
                /> 

                <field name="logoClient(8)" default="" label="Client Logo 8" class=""                    
					type="media" description="Best to use a transparent background" /> 

                <field name="logoClient(9)" default="" label="Client Logo 9" class=""                    
					type="media" description="Best to use a transparent background" /> 

                <field name="logoClient(10)" default="" label="Client Logo 10" class=""                    
					type="media" description="Best to use a transparent background" /> 

                <field name="logoClient(11)" default="" label="Client Logo 11" class=""                    
					type="media" description="Best to use a transparent background" /> 

                <field name="logoClient(12)" default="" label="Client Logo 12" class=""                    
					type="media" description="Best to use a transparent background" /> 

                <field name="logoClient(13)" default="" label="Client Logo 13" class=""                    
					type="media" description="Best to use a transparent background" /> 

                <field name="logoClient(14)" default="" label="Client Logo 14" class=""                    
					type="media" description="Best to use a transparent background" /> 

                <field name="logoClient(15)" default="" label="Client Logo 15" class=""                    
					type="media" description="Best to use a transparent background" /> 
				
                </fieldset>
        </fields>
    </config>
</extension>
