<?xml version="1.0" encoding="utf-8"?>
<extension type="module" version="3.1" client="site" method="upgrade">
    <name>An Icon Box</name>
    <author>Billy Aguana</author>
    <credit>Brad Traversy</credit>    
    <creationDate>March 2019</creationDate>
    <copyright>Creative Cat Studios</copyright>
    <license>GNU General Public License version 2 or later</license>
    <authorEmail>billyaguana@gmail.com</authorEmail>
    <authorUrl>http://billyaguana.com</authorUrl>
    <version>1.0</version>
    <description>Place a bootstrap block with - icon, head text, paragraph text, read more, read more link</description>
    
    <files>
        <filename module="mod_aniconbox">mod_aniconbox.php</filename>
        <filename>index.html</filename>
        <filename>mod_aniconbox.xml</filename>
        <filename>helper.php</filename>
        <filename>tmpl/default.php</filename>
        <filename>tmpl/index.html</filename>
    </files>

    <config>
            <fields name="params">   
                <fieldset name="basic">
                    <field 
                        name="moduleclass_sfx" 
                        type="text" 
                        default="" 
                        label="Module Class Suffix" 
                        description="tag on a css class to the box wrap"
                    />

                    <field 
                        name="headingicon" 
                        type="text" 
                        default="fab fa-joomla" 
                        label="Font Awesome Icon" 
                        description="check https://fontawesome.com/cheatsheet for icons available and usage"
                    />

                    <field 
                        name="headingtext" 
                        type="text" 
                        default="An Icon Box Block" 
                        label="Heading Text" 
                        description="The text for the heading"
                    />

                    <field 
                        name="paragraphtext" 
                        type="textarea" 
                        default="This is the Bootstrap Block module for Joomla. Visit the module in the module manager and change the parameters" 
                        label="Paragraph Text" 
                        description="The text for the paragraph">
                    </field>

                    <field 
                        name="show_read_more" 
                        type="radio" 
                        default="1" 
                        label="Show Readmore" 
                        description="Choose to show a read more button">
                        <option value="1">Yes</option>
                        <option value="0">No</option>
                    </field>

                    <field 
                        name="read_more_text" 
                        type="text" 
                        default="Read More" 
                        label="Read More Text" 
                        description="The text in the read more button">
                    </field>

                     <field 
                        name="read_more_link" 
                        type="url" 
                        default="#" 
                        label="Read More Link" 
                        description="The url to link to">
                    </field>

                    <field 
                        name="read_more_icon" 
                        type="text" 
                        default="fas fa-angle-right" 
                        label="Read More Icon" 
                        description="check https://fontawesome.com/cheatsheet for icons available and usage"
                    />
                </fieldset>
        </fields>
    </config>
</extension>
