<?xml version="1.0" encoding="utf-8"?>
<extension type="module" version="3.1" client="site" method="upgrade">
    <name>A Sidebar Card</name>
    <author>Billy Aguana</author>
    <credit>Brad Traversy</credit>    
    <creationDate>March 2019</creationDate>
    <copyright>Creative Cat Studios</copyright>
    <license>GNU General Public License version 2 or later</license>
    <authorEmail>billyaguana@gmail.com</authorEmail>
    <authorUrl>http://billyaguana.com</authorUrl>
    <version>1.0</version>
    <description>Place a card in the sidebar - title, excerpt, image, name, 3 text block, 2 link</description>
    
    <files>
        <filename module="mod_asidebarcard">mod_asidebarcard.php</filename>
        <filename>index.html</filename>
        <filename>mod_asidebarcard.xml</filename>
        <filename>helper.php</filename>
        <filename>tmpl/default.php</filename>
        <filename>tmpl/index.html</filename>
    </files>

    <config>
            <fields name="params">   
                <fieldset name="basic">

                    <field 
                        name="cardTitle" 
                        type="text" 
                        default="Card Title" 
                        label="Card Title" 
                        description="Title added for the card"
                    />

					<field 
						name="cardImage" 
						type="media" 
						label="Card Image"
						description="Image associated with the card"
						class="" 
						default="/templates/cctemplate/assets/images/m4.jpg"
					/>	

                    <field 
                        name="cardText" 
                        type="textarea" 
                        default="Edit this sample text in the module and make up the bulk of the card's content." 
                        label="Card Text" 
                        description="Text in the sidebar"
                    />

                    <field 
                        name="show_image" 
                        type="radio" 
                        default="1" 
                        label="Show Image in sidebar" 
                        description="Choose to show image in sidebar">
                        <option value="1">Yes</option>
                        <option value="0">No</option>
                    </field>                    

                    <field name="blockText1" type="text" default="Sample text here" 
                        label="Text in a block 1" description="Text Block in the sidebar" />

                    <field name="blockText2" type="text" default="" 
                        label="Text in a block 2" description="Text Block in the sidebar" />

                    <field name="blockText3" type="text" default="" 
                        label="Text in a block 3" description="Text Block in the sidebar" />			

                    <field name="cardLinkText1" type="text" default="Card Link" 
                        label="Text in Link 1" description="Link 1 in the sidebar" />

					<field name="cardLink1" type="url" label="Link 1"
						description="Some link here" default="" class="" />

                    <field name="cardLinkText2" type="text" default="Another Link" 
                        label="Text in Link 2" description="Link 2 in the sidebar" />

					<field name="cardLink2" type="url" label="Link 2"
						description="Some link here" default="" class="" />

                </fieldset>
        </fields>
    </config>
</extension>
